location_id,vendor_id,market_date,created_at
e1cf316c-a187-42db-a522-ac773bfbc7ed,24c27e01-548a-40f8-974c-2eefbdf4a0fd,2026-03-26,
7c702887-85dc-4016-b0e4-4fe49c48929f,bed27e2e-d631-45df-9bb9-74809e2f1f11,2026-03-26,
bd00e5b1-b573-4537-8980-ddb62033801d,c2af89a7-33c6-4c76-becd-909c904c0571,2026-03-26,
63be66e6-142f-4e87-a34a-09180e7cd4a1,4e20142d-0644-47fe-89eb-8a8952bef7f5,2026-03-26,
6ba5ed6c-4b84-4e26-9e72-1d906fba0527,5dcd1023-00e2-496f-a6d0-e9c2b0145cec,2026-03-26,
fb0bcd80-143e-4f14-9bee-6a6f31c18995,72c6ed2b-9262-45ad-9f85-7bb8f6e0b604,2026-03-26,
2588c683-db29-4d96-8785-a20300808a10,9bef536e-397b-4a93-bdb2-318d43b3eb4d,2026-03-26,
1e5edd13-f0f3-4b6e-b6e3-e4f2e95b9df5,3bac4c22-b910-40f0-8e5e-fec9d6173e53,2026-03-26,
be41f0fd-b036-4731-bc60-ddd3c4397fd0,57a93f54-8b05-44e0-9a05-772c71cba1b6,2026-03-26,
1948b092-2518-42e3-bcbc-93210e8fd31c,8a81553f-2711-4434-acf4-e60f299e9603,2026-03-26,
a281a165-4f0f-4333-b4ec-c0abf1c74186,c83a4054-9493-4b48-9656-bf2543c2a6b1,2026-03-26,
06362d5f-3c2f-4d16-bb87-26cfd61d7647,ca885532-2316-483d-8b41-a051446cb3cd,2026-03-26,
6c1867a8-96c9-4407-a7dd-8552f051c4e4,e410f811-bd5d-4949-b901-a50b4c96f0e3,2026-03-26,
583deecc-03ca-4665-9b6c-dd3393355be1,fec0d5fa-7c0f-4aba-91f7-3b2b22e08741,2026-03-26,
ca54b493-f632-49ad-b635-9ac3416a7553,bc7ffcea-21d2-4de0-9133-a61805f2331b,2026-03-26,
32502f77-0377-4886-a3bd-ab4b8d791288,bc43d314-6f5b-44ee-a746-41e84cb5bf3c,2026-03-26,
bc2bf506-bc75-43d3-b90f-8fffce4c356b,f67eb1d6-67f1-46dc-ba44-a76ca8983207,2026-03-26,
1de27ab0-3ce7-4c2a-87dd-d7f0c68c4e3e,5f244fbd-9d86-431a-bba0-4e055aba81c9,2026-03-26,
e61eebd6-83fa-4f17-9995-0365b6406ac0,14d28b1c-1e6c-489b-bc3a-e7cfd1ccc787,2026-03-26,
381724c5-0e39-41af-ad24-91435e17cc80,162d75e0-eebf-4527-b4c9-7fcfc42dcf83,2026-03-26,
10711b07-dd80-44fa-aaff-8bff77d87f00,0ca26e57-fcf6-4f90-860e-e2fcf40d3c53,2026-03-26,
ca504e75-6a87-44b8-bb3c-c896f5b615e8,aa886c28-2e61-4a44-add9-6d1382237833,2026-03-26,
191e5361-2cc7-430e-996c-4d6a9d2e764c,9a78f53d-d689-4ba2-b6e0-7ee618b0e663,2026-03-26,
928b9a60-855d-4ae0-9f07-0ef80c60f9ae,1e158310-d445-49ac-b771-aabc5a0b4417,2026-03-26,
164f9d16-a00e-47d4-80e9-7a234c41a7c0,598e879f-aba5-400b-a2db-cfbb016a287c,2026-03-26,
06fb02a4-d5bf-4ace-932c-5ed493089b47,e101834f-4977-40dc-95c8-caaff88d44aa,2026-03-26,
7ac742ad-f02b-4ebb-8cbc-f493db664596,0c3abba1-8098-435d-af96-033ff930646b,2026-03-26,
ea5f7191-c422-4009-bfec-b15f099cf6a1,00825850-a85b-4914-b14e-be160ab1a6d1,2026-03-26,
5f927421-fbb6-4c57-afd2-f6d5125566dc,6b77677e-a8f8-4ae8-a831-6b407498317e,2026-03-26,
512fd14d-113e-4600-8978-8826f24563c0,3dba8431-c30a-4a1f-a818-2625c3265fb8,2026-03-26,
0ce5b9cb-98b9-44c5-b44d-ac877a64c831,6afc3af4-1cda-457c-a544-0665df12ca3f,2026-03-26,
9295d996-0cc2-4b40-96cb-75d0ff3c404e,d06d3d61-5037-4650-a3e6-d50c4d0f1030,2026-03-26,
74dd7692-01d8-4815-9428-52023124866a,3c187fe1-4f57-4516-bcc3-6911f5df2b0b,2026-03-26,
57ea642d-1cb1-4da6-b8e9-0e6d2f838cf7,56762944-fcdf-4c30-8ec5-cdbba24c95c4,2026-03-26,
78f16c83-9255-46d2-863f-f80046ad68cb,5bd31835-e266-4a24-8dc7-567e9c4ce669,2026-03-26,
5a7d3c20-7c4e-4577-b4c8-7e9901a163c5,4e20142d-0644-47fe-89eb-8a8952bef7f5,2026-03-26,
15cb1824-7ab6-4301-bfcb-98f898922210,b5a30fbc-e53b-4848-812f-dcd2ba3509b6,2026-03-26,
5511a15b-ae3e-453b-a602-4d1e16ea0481,499e57b0-bda6-4f16-9f0b-024fae22d515,2026-03-26,
d30cfbab-af9b-46df-b1d4-898e2503afb8,e73c49da-1dff-4379-9a01-d0c351678aa9,2026-03-26,
a20fb024-e9db-46b7-a0d3-6459438e213d,a4657897-08a6-4936-8f24-f6dc7c73ef7f,2026-03-26,
07a51ca7-58db-481b-9916-92b40184013e,0be4efea-0de0-4308-bd81-1bb088f77147,2026-03-26,
399b164f-9b5f-4862-b1c7-1c7cf3cc2137,5e727330-466d-4c0c-8fca-bd1428626025,2026-03-26,
f78a04ab-3f6a-49fe-984d-005d9dd3e637,c936752f-d084-47f5-9436-d5468b726924,2026-03-26,
66ba0d09-98dd-4abc-be73-83bc2be69dc8,d74db97c-e573-471b-bcaf-7213bae295b9,2026-03-26,
c47f3ad9-a8bf-4521-9419-e2371e951929,fda6436d-5efd-4a12-99d2-e3a4dae91812,2026-03-26,
88b745b6-2691-4f37-80c4-e1afd50e6e64,6c23522a-a328-4ab6-8178-396d10b90df7,2026-03-26,
9f0cac87-8e79-47e9-8081-2893f4f49d21,2856102a-8301-40f5-af22-49180d7fc654,2026-03-26,
08fb733f-ca31-40b8-8808-6b88356cca3e,53d43fe4-5634-42fb-9a92-1a81bdd63470,2026-03-26,
1836ec83-4638-4301-b8d7-399413753e2e,b98c20b6-37c2-41f9-abbd-3737dc1aa016,2026-03-26,
c7f7f636-3169-43f1-962b-bd7dac5501f5,3419b40e-2c2b-49e5-8bff-93106a59cf3f,2026-03-26,
86b1a1e7-b509-4b56-a2d0-69d1dd992794,a76e2656-8dcc-419a-9f27-3878a098fed8,2026-03-26,
c55aba6a-3f3d-4e9c-98b1-d63b0c98811a,7c980cd1-b5b5-4405-9751-27ea880109b8,2026-03-26,
9e92082c-4082-45cc-b4e8-88b186931686,186b9378-aa92-41da-84ea-781d2b7ffa59,2026-03-26,
1f8c4fb0-44d2-4b9a-9ea0-eefcaab195e6,aa5f1f46-7899-43ea-9cf1-7c164a13e187,2026-03-26,
3b294b41-a624-458c-bbe2-11d437813d34,8af1f473-2d4a-4bef-b41d-d17219b650f3,2026-03-26,
a34ccb1c-734a-4752-8f8b-762630c253e9,39c5d7a1-1ad1-46a9-a2fd-3e9379a5c027,2026-03-26,
7c89af1e-8810-4efc-8b7f-c059b2aa621b,a4bccc90-2b6d-4e2a-b33a-d46013446a4a,2026-03-26,
aafa0a06-2dbb-47d7-a516-b941ee98595b,d684a105-6c9e-4788-8127-59e32d80a3ad,2026-03-26,
3275684b-2578-419d-90a7-be160924b90b,78a5c753-362e-468f-8613-033a990a099a,2026-03-26,
ddfb8c13-d9c1-4f1e-b24c-fd9e6ff19653,a761b04b-d28b-47a1-846e-da74faeb8c3a,2026-03-26,
806b6e0a-588d-4e28-a822-1f6662f125de,13f192da-797b-44fd-81e8-810e05d5a1fd,2026-03-26,
d7a86237-cb9c-4f4d-ae63-954b1fb04d75,73886034-c428-4939-a1ae-2c2564e3fa68,2026-03-26,
4ca1d537-8e0b-4b37-836d-c31d9cf4abd9,0f984cdf-72fe-4996-aa73-0f50acf1df09,2026-03-26,
d87d87ba-6014-42f8-9205-7102cc1fb1f9,c8f79e14-15f0-47a6-8a88-69fe4bdaa5ed,2026-03-26,
7d9db394-fff2-470a-92fe-cf0bc572ecbf,4fe9914d-9b53-496a-933b-b9a37aaad00a,2026-03-26,
c985cbc8-3001-4847-bfed-d4860da34e01,95158bdb-0cda-4055-a893-4467213a73f0,2026-03-26,
1a8dd71a-c13c-4d99-9878-2ab26c4f20a9,c17578ab-19c9-402a-9833-266f0da72b4a,2026-03-26,
7c990adc-5eb9-4466-a7b3-b10ec757956f,93357f6b-9247-4b4c-b1c4-85b70201df71,2026-03-26,
6aa54ae5-285f-474f-9dd1-4891d457d52a,0ba7babd-5403-42cd-8e47-79bb3ceb05d8,2026-03-26,
4804401c-183c-4f94-a443-1290bf78808e,ed0db9f1-2443-4348-afcf-ec539853a1d3,2026-03-26,
c121ef87-555a-404d-b8e0-abf7d7922669,216bc08f-2939-47d4-be95-6122bf1e23d3,2026-03-26,
9d6d3f4f-6180-41c9-9c68-9f54c14dffca,ecd0a10c-b93e-4ad4-a56a-9645c3e218b7,2026-03-26,
43407f56-e5c4-42c5-ad3a-5ea802ebb0d3,4ab99d08-df8b-4b24-9dc8-80692362adab,2026-03-26,
3c2e559b-b11d-484c-804e-eca5ef9fa325,9f97d07e-b7d1-4923-aebe-cb9e372312b3,2026-03-26,
ef1514fd-03a6-44cb-98f8-574d7a252ac2,48ae214d-77d1-4b4e-a825-072d4b8535bf,2026-03-26,
5a6c432b-0652-478f-9bc9-935d9b7cdb80,5e92ece1-ac41-4cbd-b5f2-ff3a46f8ff59,2026-03-26,
5a03cb4c-38c2-453f-8ff5-1f996aee02a4,d222c2a8-2550-4727-a1d0-d6e9ca3e9717,2026-03-26,
593f3b7b-5409-42c0-85c2-eb56b4f977fd,15fe84c8-ee49-4419-a74a-559b1a6a4138,2026-03-26,
c9edc226-5a7b-4889-84e1-c8dc525974a2,186b9378-aa92-41da-84ea-781d2b7ffa59,2026-03-26,
573a0435-a6f1-499c-aec6-6eaf16f742b0,0306d9f4-78d7-42a6-85d8-2f5cfc11de6e,2026-03-26,
d25432e8-bd56-4131-8b29-dbeec72dc7bd,7fd34773-8aa1-4248-b8e4-418f3b50b808,2026-03-26,
492f83f5-b3d3-41d0-8c2c-225f83455dc2,311c7611-062f-434a-adcd-390e2de121a3,2026-03-26,
75444cd9-44aa-4c4d-a0fc-ae97b20b4ad3,334260b3-74f3-4480-a6f3-4dacc3e3b397,2026-03-26,
1fe73ef8-8f1c-4a7e-9f31-8d6650c229b5,499e57b0-bda6-4f16-9f0b-024fae22d515,2026-03-26,
97dadba6-36dd-4f79-9ac3-204cc6aaa7c6,6854b13e-86b3-488e-98be-68611ca3514d,2026-03-26,
11350bd9-0f2d-474f-9894-c02e04b4301d,91179e38-a2d9-4125-9a6e-f736e766026c,2026-03-26,
74a610a4-d83d-492f-b034-8e372748badb,a5860c2d-bf73-459d-8bfb-c78596426ea2,2026-03-26,
cd562fb8-2984-4f29-8030-6a44845a0b71,ef0d7f2b-0b55-4348-b9d2-b714cef599fa,2026-03-26,
b1dbb7b8-be3a-44a3-adf9-a3bebadb3de7,5f244fbd-9d86-431a-bba0-4e055aba81c9,2026-03-26,
8c79a919-aaea-46b7-9160-96c4838eda03,7199fce7-688a-44f1-8bef-e1283010a4dd,2026-03-26,
4e77eea2-6405-4666-8c68-48e38a1fa849,11ca2fe6-a892-4f23-b584-22573c2425d0,2026-03-26,
8398d64c-a6f6-489f-89fd-68ccc036418f,c3f64cf2-6b52-40f9-9a01-4af19f30c249,2026-03-26,
6d57432b-be42-4efd-8854-fb6c998c22d9,0b522481-50bd-47ef-a7bd-049c528afb88,2026-03-26,
8e0afb89-9379-4314-9ce9-b47736eb0d54,91fa5a29-1aa0-4fde-9018-ef928c5c4c0c,2026-03-26,
74b2e47e-15ce-4e4c-a612-bf11d84f0c0d,22b2cdcf-0f49-4896-b64a-6495e977c56b,2026-03-26,
67c96fc7-bf7a-490c-aed4-230ea8575d9a,81f9d57d-4021-4930-b455-536e1c4848bf,2026-03-26,
77b17e9a-29a4-4b25-923d-959d29f8451d,75f41411-895b-40da-9e9a-d9a4cd9ad59f,2026-03-26,
14486f79-60c8-45bb-95db-931215872e48,bbe82826-6dff-4494-a28c-c83b74587010,2026-03-26,
79099259-d3b2-4746-801b-84b99482b88b,913a0908-4868-4ce7-a35d-bd5d5c184a9c,2026-03-26,
92097fd5-db5a-4df3-ae02-c237aedcd431,5eeb5889-7784-49b0-a2c8-d2695b44a78b,2026-03-26,
c7a0d6ca-c597-4682-bdb9-07c8df29c01a,49cf36d6-9a28-442d-b9f6-e8714045dbc7,2026-03-26,
797d84c4-9c93-4cc9-856d-ec2568cd2e7d,37bcb86e-1dc1-4870-b82a-fec31000d5f2,2026-03-26,
fafb296f-abe8-41db-8387-26bcedc7b378,2bd71a65-7316-4a7d-a720-8a462e527139,2026-03-26,
b7275743-95ba-4120-85e6-37e0a7c073b0,49b32630-5cd7-44c1-97b9-fc6ec624a902,2026-03-26,
7c149f2e-5a2f-4109-b701-ce93ffafdd49,f4af9d7e-df70-4742-9367-df7f488c77cf,2026-03-26,
0f8a8a1e-a658-4287-8b48-cad9a6c2b21b,d507607b-511e-41cc-b7d8-0a992e73f461,2026-03-26,
07e2f87d-b889-4f15-bef6-3d1e4830a778,4ce2e016-1ca3-4810-803b-aef0cecdb2e0,2026-03-26,
bfd0a7cf-94ae-40ac-872a-3ac73f6da5c4,734a1e39-48a3-4707-a6b6-5ebc7a39d068,2026-03-26,
cef98017-d818-49e4-9a8d-31c71282f02f,38893624-c97f-4529-8200-a72a2be69873,2026-03-26,
e9d38635-7e28-475c-b7bf-fe9cf27a6676,843c4e59-bb4d-4a00-bdd5-8a6d9ba80e5c,2026-03-26,
402a412d-b2fe-40ab-b937-3e68df1a50b8,a3a7a4ae-eb08-49b8-881b-130b4326d721,2026-03-26,
178ac151-28a5-4af9-8767-4979af88c0e4,fddda424-19c1-460a-aa3c-d4f10a57c5cb,2026-03-26,
0b41ec47-a745-4b46-9025-5d6b8085266f,bb1452cc-75ca-4632-a833-db109e8d8119,2026-03-26,
2aba5b03-cfab-45f0-a32c-283fdbc371ef,5fde7efd-11d8-4f9c-80b5-ef50e81d211a,2026-03-26,
958455c0-5066-4a8f-aa3d-5ca8396ec10f,4f394b63-1ed0-45fc-979b-4230d05c4656,2026-03-26,
467af13d-d32c-414b-a736-9d3ffdbebb8b,c77221a0-2012-4e51-b126-377243ade3a4,2026-03-26,
722db27b-f37f-449c-b615-42feac7e9327,a3f7f3d1-4ca4-425f-8c54-a66465635c70,2026-03-26,
130faca3-a633-4457-b86a-014780ec16c4,f10280a7-bc29-4833-a854-fa03c7951605,2026-03-26,
09209d1f-a433-4435-8909-09c41912dcd3,06506fdb-ae91-4b6c-87d3-006a027622f9,2026-03-26,
0c7f2673-1e91-480e-880a-0b18229c6ffc,999b3b31-30f4-43ac-9cfd-13cff33f5acb,2026-03-26,
0812c159-3072-49c9-bea6-8cceb6d16bf7,10ba0b23-c9a7-49f8-9d06-8754c7306616,2026-03-26,
b3d0e39a-ff26-4a97-8347-77c3914626ce,1f26fcb6-9dcd-4f00-8314-75c5ad75a619,2026-03-26,
f077b832-2ba6-4c80-b9d5-f7b6ca197d6c,bc3f9a4a-caca-4ba5-a77e-359db303a21a,2026-03-26,
3d9e2dd7-cd13-48bf-b10a-2500b97b6713,247a2cf2-b0b1-4bde-aaa1-33e7a9e45f01,2026-03-26,
69ae0257-7b9c-4c8a-bffa-effaaa3e9e7a,4ab99d08-df8b-4b24-9dc8-80692362adab,2026-03-26,
48a559d5-d2b5-43a2-a59c-3b0fea6ea430,91c4bc51-34fd-4492-b1a0-376e687682a7,2026-03-26,
b80c5c81-37c9-4a56-8e8a-28deeed1882e,fddc1cca-d2f6-4545-a5ae-2a46b1fbc3f9,2026-03-26,
bf2b4486-c6a9-44db-8e12-e52a77970d1b,f4c61a99-7674-4d0b-b455-0055eba1bf73,2026-03-26,
d60b69e1-ff23-401f-82ac-adad3177052a,93522978-e5a9-4018-95c3-49faa38512c3,2026-03-26,
33c4616d-50fb-410f-a0b7-68b05faff47a,3df85075-4bc3-4f8b-8b96-1e5cc7a0c827,2026-03-26,
2604745d-d6b0-41c9-aff0-8e43b751e861,96d9e96a-2538-4acd-9ac5-66ded04f91e0,2026-03-26,
b2d3f48e-85a7-4e69-b5cc-595a1746eedd,940d15af-aaf4-4d69-b97b-c1bd0ff11bc5,2026-03-26,
467af6f9-60e6-4968-9147-27f73c99ec49,bc38b106-0b90-43c2-8461-beeefd329d9f,2026-03-26,
38a7bbac-d6ef-42e8-8b98-fde4a36830e4,6f21fef9-5d15-4a8e-9826-606fb20d791e,2026-03-26,
8d904cc6-ab08-4877-8528-3621cb752da8,0e5da8e2-f846-4774-a9ba-00043ec8b7f0,2026-03-26,
6e6042f3-ccdd-4cc5-8c00-f1f1cf3c5e7a,91dd6111-d84a-4908-8cc6-a05605ab3984,2026-03-26,
ca6242f7-09ce-4d2e-bcbc-4e7f6b93b993,69867346-17c8-43f0-a272-46a4ede34486,2026-03-26,
75e17eb2-a0b1-4c82-8c80-5a2171a3db28,e37f5e86-fe49-4de9-9701-11cd4d4962ae,2026-03-26,
c8563580-1ab0-47ed-80f5-0b26060e0472,64fb1287-6204-47ea-a5e5-21fe9e4799df,2026-03-26,
9ad5322c-e495-4920-8d49-177a2c3c30ee,4f58e270-56c2-4958-a62c-81579f8a6820,2026-03-26,
ef9c0325-bf67-498d-a97f-15f04afa8fe2,496edbbf-c2be-4c5e-965f-5ad4d8ac47a8,2026-03-26,
5bed8bb7-9f24-4f38-9349-873592d6055d,be928dee-7b78-4d76-a11c-0adecd9540ae,2026-03-26,
95d5ae93-4544-43dd-8ce5-ddaa7af562c8,54e4d93d-3d98-479e-b4c5-5961a138b236,2026-03-26,
dfce3b66-9cac-4fca-a6bc-84735af445d7,03b1d6b1-b90c-4f64-98ac-0e839fbc9c5f,2026-03-26,
ca6f4b95-368f-4f4b-ac2d-26e2e1536df6,7ebea15c-1be7-4113-a3c6-7bdf4cb25ddc,2026-03-26,
37e9b5fe-4294-4dd5-abfc-d25bcd9e12e8,86ffa2fa-5785-4b63-8d9b-bb15880083c6,2026-03-26,
ccb17017-6bbf-480b-99a5-ebe7ce0715d7,c1c5947e-7294-4957-8b16-a1a881d171e4,2026-03-26,
98c7d343-e20d-4a8b-a25f-8d9a05f03ed7,ee4831c1-df30-41f0-99ae-a206e2539790,2026-03-26,
416a5d3b-c6c7-4fcc-b085-80aefb3c8091,8d9d52eb-763d-45c0-a5fa-aede54aa1e39,2026-03-26,
59c64192-97bf-4bc8-ba8b-bfe67506b9f9,aa81f92b-0ddb-4be2-9c54-c847c4f9c111,2026-03-26,
a6e8af6c-6d71-4005-a181-cf655c3799f1,acfba9b8-2f3a-4519-aa65-63e4fa209cbb,2026-03-26,
71d860e2-2eb6-4047-9ca0-be41dde24ee6,93522978-e5a9-4018-95c3-49faa38512c3,2026-03-26,
0d48d621-3c76-4db3-895d-ddf9fa43a673,0845eb8a-7bb9-4730-b7d4-3b5fdf1d6f78,2026-03-26,
fe768eca-4c0e-4cfe-9673-92d3d7be88cd,5ccd214c-9bf3-464f-9238-b54b1825344b,2026-03-26,
be5f017c-977b-428e-bedf-cf4e5295a2d3,06d0b527-3585-4e7e-8472-4fd66f75aae8,2026-03-26,
995dade5-4e1d-4295-abe7-15baaca771b4,a1961b96-9b94-418d-acca-3b7f7fbe741f,2026-03-26,
04332663-e6bb-46c5-9092-5bdb1fe4229a,9121d5bd-4847-44bb-9fed-41e01dd378ad,2026-03-26,
49b41699-e8bf-4f42-afa9-a116e57bd5f1,f4cb5781-5ed9-4de2-b07e-b8be3752024e,2026-03-26,
de8329e2-49ad-4368-b3fa-db417b2893c7,db8d3a72-c892-4a6b-a544-dcbdc703f75d,2026-03-26,
d1576c28-1196-40bf-9ade-0f4176d496da,b13c4f99-5ff0-4e19-aa8c-77a01e978853,2026-03-26,
d7067c70-60a5-4bbf-8400-d35684b55869,8675d15a-d125-4ce3-a9ff-1841550bd802,2026-03-26,
ff4b099d-6c48-4f81-8fe8-8d89b4805569,1509c5dd-ca67-493c-a99d-80009c3cb049,2026-03-26,
4cec811c-27ed-4d2e-aec6-59766e492362,958b92ab-2bda-4a25-a954-5507a71e143f,2026-03-26,
3b1ea10a-5c58-4740-8781-4eb31c210fa3,c775bf10-bd76-437d-8221-0f90ff62642b,2026-03-26,
cba62fc2-b1e7-4683-8c4c-6c76154a5623,cd4e8d90-4b3b-4f51-b387-a39de2462d64,2026-03-26,
ac26fc05-c9e9-4ea6-95b8-6fb84363357f,ee4831c1-df30-41f0-99ae-a206e2539790,2026-03-26,
6d0e8032-bf40-4c26-820b-e611c7394e1a,7592351f-8060-4620-9254-dedce2714bab,2026-03-26,
fd3aed1e-b24f-4429-b971-030b1b897a6e,8c2a1283-bf84-4131-9c2c-9a92bca15c98,2026-03-26,
438bee9b-69df-446d-8cbe-b6f9acd5dfbf,afc7cc26-ac1e-4419-a64c-9df023df2e03,2026-03-26,
a2336046-e683-4a8f-9eb3-934da59cdf3d,88702892-35ea-4085-98bf-7907b220ba88,2026-03-26,
d6a380ea-f634-4598-bbc4-9755d2fb8dce,9b84d4f6-f5ff-4f92-80be-a936a7dd61ca,2026-03-26,
b6fe4449-1476-4bbe-85f1-404f5d396b16,c7831a9e-5581-49e5-b97b-9a8523cbd437,2026-03-26,
0834d05f-c8ac-4522-a861-96e5a9e09f86,d562842f-cb0d-4306-b224-26e35c96abbb,2026-03-26,
3ae650bc-67c2-4fc8-9e0e-94382e2df102,04256bcb-9fc7-4d2b-be19-1cfb8fe78ba9,2026-03-26,
78dc42cf-8a62-48ce-b2b0-1c0fd20b49ba,aa886c28-2e61-4a44-add9-6d1382237833,2026-03-26,
43354a69-df94-4f1d-9ab7-cb754611f48b,e6c64621-feb5-42bb-889c-befde2c9e4a0,2026-03-26,
a3f80a40-369d-4184-8fcd-8a79d65cc2e4,1d613fc6-c6fc-4c91-ba00-cfce47a15366,2026-03-26,
cbd52bb9-3433-4a48-8fdd-e18ff96bdd42,880025d7-3c10-401b-b858-6dbf96ae0390,2026-03-26,
fea3d4f8-e7c3-43f5-a8ba-006f1ed6707b,3713a62f-fa6f-44e5-8dff-497d432a6e72,2026-03-26,
a02ebdb5-c65f-49b4-86fc-3ba079890196,77520d9e-241a-4f88-b4e5-d9b11e5fac2c,2026-03-26,
0a73b38a-9ec0-4bb0-aad6-aa14e2d442d8,24c27e01-548a-40f8-974c-2eefbdf4a0fd,2026-03-26,
13bf428e-715f-4af1-9e19-1822e63b473c,4de64c98-bca1-42f8-af9a-c71f77f611da,2026-03-26,
7c923179-f2b2-4635-8e27-d9e82c9a7ac6,475caf01-e98a-4016-818c-6e23db9b7761,2026-03-26,
cb4153e7-dac6-4b70-8961-e654f55de07c,e4512358-badb-4bf8-9d3e-07d769719483,2026-03-26,
680c6032-3d3e-4302-95f5-75a7f61e92e3,a05bf707-6166-4008-82e6-0532aec0ca13,2026-03-26,
42629821-d154-431c-8b62-dd0674cd6438,ba1eb2ad-98b6-48e5-a6de-eed532d04a7f,2026-03-26,
9e7e1812-0a40-40df-977e-22ed15cfb1f9,a9b3f403-38ce-4334-a4d7-dd2a9d3a8739,2026-03-26,
5d83631f-c291-4f4a-ab38-c8f15500e53a,8437d446-171e-4e50-9d37-01a7beccfe85,2026-03-26,
4cdf7930-0f84-4517-9bcb-372325a197d9,20c78442-5d5f-43b9-be2d-b76a3f5720c7,2026-03-26,
e5749482-4b70-4f83-afb6-2fca6aa5141f,e6f2870a-28a0-43e8-ad0a-b6f41f3be099,2026-03-26,
048453a6-2b4d-4337-8b22-81f4c8143efa,2d9d6838-2da0-4782-81c4-184902cbdc43,2026-03-26,
50975245-07e6-429f-aec2-d5e667ac0a91,6649ca39-555e-42b9-a311-a9e8c42d1937,2026-03-26,
aba3f72d-763b-494b-8b58-651ecaa843c4,5ee17790-16f9-4466-8689-a174fae5c043,2026-03-26,
f9f85151-eace-42f6-bb50-a6368ca6bd1b,e84fad92-3569-492b-a599-17e088dab6ee,2026-03-26,
9d158f47-9488-4c23-b402-08136682fe90,1e097dcb-e465-4539-8a13-d70fcb8e0f09,2026-03-26,
5fdf2138-f760-4ecd-8428-d66176817946,485b7f46-00bd-411a-8815-ff8fb3d148c4,2026-03-26,
a29f61d1-71e4-4d2e-860a-d9580cc7d06e,f3c0949e-0de0-4fa4-ba3d-0a18ec73a81b,2026-03-26,
9fb39282-9344-47bb-9aa4-ba57e780ee44,09f4fd10-d229-4751-bf1a-9b729dd2d889,2026-03-26,
7ca2fe1c-be94-4aa4-a329-fb587d46e824,5de4e440-0330-4dd8-97ec-f30342a3fe9d,2026-03-26,
33778829-f36b-4185-ae2a-144fb8f4e4ff,b4be7d28-a16c-4798-8f68-cd4a95689d25,2026-03-26,
afc6c850-f0af-4c5d-a5df-41833a7a63bf,6ed89ca4-3fc6-4c3e-a7ea-dc5c138867be,2026-03-26,
ea02bea5-1dc4-4566-bd7e-4484bb98a9c0,b859db5f-f19f-4280-8c00-f1ffe8de0844,2026-03-26,
b37c6ae8-895f-465e-b2b5-9909fff5f3f1,820e9eda-0c2d-4dc7-b045-43f6de9c0ed0,2026-03-26,
22f9e914-9410-44ee-bd82-78690069c1ab,fdb19a52-0344-40be-92b8-b047593aa835,2026-03-26,
63ffb443-ae26-4549-9cb6-695a5393762a,d0458460-7299-40ea-b461-61f5cdd41f88,2026-03-26,
5bc8d29c-d3b5-42e2-9931-39272ba7b3a0,d4d4f3e4-ff26-4652-af48-8776d1080641,2026-03-26,
8344a3d9-8bbf-459f-aa9b-8aed3fdc87b0,0bc74a63-eb74-4fd6-ad2d-b2d84d69b0c0,2026-03-26,
41a0d58b-5172-4fc7-879a-f35b1fccbf91,11a8b387-8f4e-4136-9193-de316ffaeee9,2026-03-26,
047dea11-1d61-4539-9549-2f463489a1c0,332562df-17d5-4de5-91e0-b6262ce8759e,2026-03-26,
ad2b6b1f-01ed-4fa6-861f-5bf63b8bede5,070ff79e-5f13-4ea1-a2d0-1738c99f22b7,2026-03-26,
576db968-7af6-47b7-9c66-49e081379fc9,9cccfece-8f61-4076-9056-51177066845b,2026-03-26,
e91d2f8e-2825-4232-95fd-cb356b08ffec,278995aa-14c2-4c5e-9175-8d7979a0a40d,2026-03-26,
c6ce35d9-6a80-4b76-83ab-8d96bb121c35,910fa43d-0bd8-4a4e-86c2-291c1de363fb,2026-03-26,
33197ed3-a787-46d0-a35b-96c2156dd616,86584c7f-2920-428c-a9de-b704b1135d8e,2026-03-26,
62647309-fee7-4bc3-a4e2-0c8af7501f18,d75c21ec-b2d7-492a-8081-d7878f7c0326,2026-03-26,
c88d5955-b995-420d-a56c-0ed91bb81d5e,2e9ae144-0fd4-4154-bfca-f666e2d94dd0,2026-03-26,
d1637080-002c-4937-91cf-1a6bfc5e6e20,ded9848c-993b-48ee-9eb1-10e4a95993f0,2026-03-26,
4b8cfe88-b668-4b0e-9699-9a783c960d9d,853587ae-2da6-4981-92ee-bc6deb92e1e8,2026-03-26,
8a219d9c-0419-4654-bda9-c33ee8a018c2,83ddf79f-c3c1-4ec4-8121-dee47e060611,2026-03-26,
4c3e24c3-5fec-402e-973b-14343f48e2f4,dbfa9642-1797-4388-9474-1c0676dca15c,2026-03-26,
895c261a-c498-47b9-b842-670c4e66e89e,f0202346-4869-4437-b46b-3cf7a65bfbe8,2026-03-26,
28df1a4e-7608-439e-b7a1-092fd30e4226,d9b6b4dd-110e-4a1d-bb0c-d9a217fac2e9,2026-03-26,
2a1ed0c2-85e5-4eca-8d6b-8762b1295cd7,c6c0b4c6-cffe-49d4-b2c2-b5539fb7bbc2,2026-03-26,
6cb47c6a-c220-47b2-b181-f7e35d679c48,15ec7bfb-517b-4351-aab1-c6d7ef5eb84e,2026-03-26,
40557817-64f3-40a8-bef8-e7816b2a0bbc,2a1e8a07-e320-4aee-8383-c07a6833a497,2026-03-26,
37d3aaeb-2670-4d75-935d-b8e8b9531843,3c187fe1-4f57-4516-bcc3-6911f5df2b0b,2026-03-26,
4b48d5ed-5c93-4000-acee-2480fe8fadc4,42b4859b-5028-452b-aea5-6e132f6348ab,2026-03-26,
e8dbb3d4-7544-44bf-9abb-20fde13ddc5b,cf15076c-a450-43df-adac-37fd9f725d44,2026-03-26,
d5f307a8-2904-4794-9355-6e81fc0e40c9,95e10167-99c6-4e99-9424-7aade869372e,2026-03-26,
18c862bf-88fa-4cac-abf9-92c642e6b66c,130afe7e-12d6-4e28-92f9-145e9a13def8,2026-03-26,
aad27782-5e00-4161-86b1-4bcb4debe47f,b11f116d-4ecf-4ee5-9774-695cb6095ecd,2026-03-26,
435ead5a-c473-463e-95f5-efe76cb6eb89,28d81324-e822-4733-8a31-b23e5ada4366,2026-03-26,
4d58390a-7615-4be1-8924-2079ecce4f15,f0571be2-9839-4c71-99b0-a1295a401e3e,2026-03-26,
601f712e-2695-4100-afd4-a69ea28e2ecd,43038f9a-1ccf-434f-aa15-1233d39be138,2026-03-26,
2c12e7e6-df6c-4c34-b9ad-1cf23b3875ff,cdc22cdb-f4b3-4990-b5f6-157afb6e5b11,2026-03-26,
693bfb8a-13b3-4909-8c54-f869fdcffed6,f54aa391-3b02-4473-af60-7d118f2e0875,2026-03-26,
bdeb2154-3c63-4614-a7d3-52b558bb4d5d,3a484522-26b3-405a-85b9-5d93a52f7d01,2026-03-26,
e23aaaf1-e0be-4e9e-877f-3d3bedbdcbec,4a15a515-8476-44e8-919e-a7622040afd1,2026-03-26,
4d4c7bf2-5153-431b-8197-49b1bd8d6d70,43a279cd-6cc6-4d82-ba79-a6c3898db559,2026-03-26,
5ff9d2d4-6821-45d3-b30f-1032a533aefb,3d80a684-5d00-40ce-badd-0c9a9008cebf,2026-03-26,
180132d8-366f-472c-a0eb-b08514a5c791,6c06e134-df91-4682-bbb0-dd22fdae5285,2026-03-26,
baf8ee68-3e8e-4d3e-b0c8-0ffb35d1d311,35cd0c11-e158-4ac7-90a2-d91e98a0fd1f,2026-03-26,
a1e585f1-7730-42f1-b366-e8892117380c,08b86de3-36e0-4a1f-bede-dd3103eddb7d,2026-03-26,
0122ef1a-4e92-4d0d-ba94-2381e5395df2,4f054a3a-6723-4769-b999-a9b5efdb29b6,2026-03-26,
6f8c2346-db17-4c2d-b16a-890e839f42ad,7daa4fac-1275-43d8-9c5e-cb79a7bf0107,2026-03-26,
dd648249-5afb-49d8-a5e9-2fab0f03d85b,8af79636-b36a-4d21-8644-cd56805e3437,2026-03-26,
2d8b775a-2720-4933-a607-c7baaa9cf737,25c0173e-f180-4fe0-a41d-59516d9809b7,2026-03-26,
490e05e6-1c1f-43ca-b0c2-a3fbd1758e82,17683f65-b8a9-4808-9964-86ee69fdf59a,2026-03-26,
af8b3c5e-2c09-4a38-9072-f937af9a0f0e,5f66b16d-9fae-4b3a-aada-9a4ee2490b8d,2026-03-26,
ca2ce2b9-9294-4654-bbd3-247fe749a8eb,aba680ec-902a-4e2d-a906-2e200d3a7208,2026-03-26,
2c5759c1-bc27-4f21-80ec-d2c0fb500073,6b93f81a-25c9-4a47-bbf5-666ca925d768,2026-03-26,
55cc5095-c05a-41e4-81f2-bb7c69b1bdb3,ea121c69-70a7-4870-8e4e-571bed055048,2026-03-26,
565137a9-d34c-46a1-87c9-2684205e0c5d,60350df6-e47e-47d0-bd1b-5fd6e8e98201,2026-03-26,
d9dd364b-8121-44cf-a164-948d994bc560,f51bd610-96c4-4cc9-b10a-aeb5d63c863c,2026-03-26,
1e44e060-b251-4d40-84d5-b30796705c09,d430bde0-e1c3-41d5-bde9-8ddc9c34f4a7,2026-03-26,
9268d0fc-8659-4cbf-b244-cb6c40f1f1bf,570cf3e4-bcf1-4ab6-8c99-1b234e8efd84,2026-03-26,
1a581727-bfdc-4f7d-a54d-5a3e8ac157a9,6ff033e0-2643-48c9-9034-d8e748ca4f52,2026-03-26,
4f7bb3e1-7254-4401-903d-826711c186c2,fd2fe6fe-5d7f-4b29-ae39-3d9f69fb324f,2026-03-26,
012fd5a6-c3d8-4e73-b3b9-ce8a78155932,e087a8d6-9593-4b0e-9818-a6a523772d76,2026-03-26,
88bf58ba-268c-4da4-9d78-642193e45d3c,d5398ab2-3265-4a8d-a8e9-b50ed4c53d5a,2026-03-26,
8d1ad528-6b19-403a-8ab9-c33143eba297,c31892a1-d704-4e65-8794-9b9afbd91c7d,2026-03-26,
160419f6-0b35-42f2-b396-b3cf8d43a37d,a39b6cb7-95ae-409a-ac1b-4309e7ec8b80,2026-03-26,
0ae692e0-88c0-4f18-ae4b-fcd053aa025d,7220db5d-9ece-4b67-8df5-0c6e0a11c861,2026-03-26,
73474c8d-465c-46d9-a1d8-64fb36c23a94,9f9a76ef-f437-4b8e-a1a3-fbf2e3ba85d2,2026-03-26,
df8ab15b-7c72-46b9-8de9-4fc8e04b9b29,aa886c28-2e61-4a44-add9-6d1382237833,2026-03-26,
a667d0f1-79e5-4399-b042-1dbd84336f0c,edfa051f-3e31-4907-b687-697a3b0753de,2026-03-26,
c72af793-f65e-45c8-8a5b-0f19cd35c7a0,55b2b385-8841-4659-8001-125b3f7e46d4,2026-03-26,
ee47f92d-1e51-4ae1-b11a-054bf60ae262,f0cb9957-e600-4f86-adc5-f688b590d740,2026-03-26,
4bed700e-5387-4841-a887-65d82795efa1,24c27e01-548a-40f8-974c-2eefbdf4a0fd,2026-03-26,
1cf9afa2-817c-470d-bbce-06f8220236d8,1dee78ed-0900-49d9-b2f3-15fbf3c5471e,2026-03-26,
db2c1dc3-4890-4050-ae2b-49d8553025e5,a5511fe6-c5d3-4ba5-8408-22c77daed644,2026-03-26,
8e3f8764-1398-4abc-aaa4-e1844a8a22b6,1c059876-1126-4426-859b-116fc64ec23f,2026-03-26,
fef6bd38-f575-4f1b-b11c-8fa66d37a9c0,ca91c956-9f57-4d06-ae4a-2a2e5a46c079,2026-03-26,
f8795b13-5f64-40a6-a2d9-e65edaa76bc4,fc0191d9-0b81-4d6e-aae0-6ce014d1fed1,2026-03-26,
25cd66f7-5cab-4920-aa75-f64aabf02153,460ba8c9-4ccf-44b0-994a-f744b542e612,2026-03-26,
244bd1f9-3a5d-4340-a71a-2160a9542b9a,13f285ce-d183-4a35-a7e7-ec73ab883044,2026-03-26,
bf1756b1-4cf8-4c6d-9dc9-cfd083b5a04b,f4ddbf03-8c87-499d-8aaa-57e834b1230c,2026-03-26,
4f6c76d9-c894-49c8-bcb6-214d6662dd41,c4dd58c6-c40a-4cd2-8aaf-3eb31389191f,2026-03-26,
8a4e597e-a5d4-4f6d-af29-b1ee44e7fac7,62bde73c-a865-408a-a6c4-b2deb8358aa0,2026-03-26,
f4b98001-b423-40f0-9c68-57594bc253e7,09dc361c-0236-41a6-81f8-77a5d1995b1b,2026-03-26,
ac71c2d0-8e08-474b-bf6e-1951bffbd10f,650effff-1f12-4563-a08d-54f10305e93a,2026-03-26,
4d5f8ee1-f4d3-44b4-8080-7fef32e8afbd,2590def8-8b7d-4ae3-a0cb-9f108f0969e1,2026-03-26,
030b1874-3c39-4231-a3e4-f78235d343d2,b4c6a3d1-acd9-495c-86ef-619a2b54db40,2026-03-26,
b932eabe-b7b5-4276-bac1-a56d89c893b4,508e9b71-1a19-4d1d-a0f1-172f9e55a1a5,2026-03-26,
a0c5fe63-3cd0-48e0-8902-b1e834e8bf23,0c47d565-fc82-4219-a4ef-0cf46d80c305,2026-03-26,
01c686eb-8534-44b8-9572-7e6ec4d815e4,8a05a9ca-e8c4-491a-bc58-971a20d536fe,2026-03-26,
42c85d15-71f9-48e2-a6d0-5d3da37972ee,843c4e59-bb4d-4a00-bdd5-8a6d9ba80e5c,2026-03-26,
7fd6cc0e-b89b-4ba9-b37d-c54d07eb08c6,0a5f5340-7539-45ce-8734-b8b02c19aeee,2026-03-26,
da9b3bc4-832e-4941-b2e0-e9edf17ace51,61f362fb-8d3a-482b-820b-e422f08ae93b,2026-03-26,
f14f348f-ba06-42f0-afe1-980adfa4726f,2a1e8a07-e320-4aee-8383-c07a6833a497,2026-03-26,
d4837003-1b2e-4074-a925-72fd754e5a75,f938c07c-ab6d-4ff7-b775-2569379e1ec8,2026-03-26,
5353603a-c87d-4f51-87ab-b97f9e96ed8f,598b702c-315d-4dbe-baf1-f9f4be7c59da,2026-03-26,
d046ce88-7cfb-4e84-ab08-ac6813c63230,592f2ded-1579-46fe-9642-4a4d1b0f03b0,2026-03-26,
841b3998-2b8f-4de9-8c26-2cac01d63b77,a57024fa-9d18-4cdd-8565-a5440c41fc46,2026-03-26,
97d86634-72a7-4a70-90bf-57695ab6c454,57a93f54-8b05-44e0-9a05-772c71cba1b6,2026-03-26,
b147f2ee-827a-4051-84c2-2a63cbd904d4,5e5b5d5a-4940-4933-9096-772e65b495bb,2026-03-26,
abfbc961-c449-4d23-8f32-07215afd504a,93dca305-7748-46a4-8f45-ebcc385e3ac8,2026-03-26,
43a1ee95-6fa2-4a5e-b82f-98c6274992fe,0f734062-025b-459e-a2cf-b4efa8848aee,2026-03-26,
33e414c8-de1c-4615-88f7-1778b03d0495,24b20307-fcb7-4898-8185-cc51f1c00084,2026-03-26,
b6aaa3b6-ffdf-4cf0-adf5-cfe44372971b,c8a4c080-acd3-4e25-8a31-5ddda0abc85e,2026-03-26,
